{
  "rouge": {
    "rouge1": {
      "precision": 0.877397138277029,
      "recall": 0.8958535402521823,
      "f1": 0.8865292900206965
    },
    "rouge2": {
      "precision": 0.7126232038950243,
      "recall": 0.7276144286147317,
      "f1": 0.7200407955124937
    },
    "rougeL": {
      "precision": 0.20275485364839993,
      "recall": 0.20701988360814744,
      "f1": 0.20486517292060352
    }
  },
  "meteor": 0.46283334049173824,
  "bertscore": {
    "precision": 0.8362696766853333,
    "recall": 0.8339908123016357,
    "f1": 0.8351287245750427
  },
  "kendall_tau": 0.32000163957597805,
  "summarization_method": "LEXRANK"
}